time,ax,ay,az,aT
0.0020,-0.6004,-0.0012,0.7336,0.948
0.0150,-0.4966,-0.7889,1.0013,1.368
0.0340,-0.5440,-1.0238,1.0936,1.594
0.0530,-0.5022,-1.3613,1.2095,1.889
0.0730,-0.6505,-1.5706,-0.1689,1.708
0.0920,-0.6986,-1.2883,-1.3193,1.972
0.1120,-0.9917,-0.3591,-2.7667,2.961
0.1320,-1.1471,0.0836,-2.4718,2.726
0.1520,-0.9363,-0.7721,-1.4144,1.864
0.1700,-0.2759,-2.5337,-0.1907,2.556
0.1890,-0.5743,-2.5331,-0.7135,2.694
0.2080,-1.0285,-2.6431,-1.5504,3.232
0.2290,-1.3008,-2.4629,-2.6867,3.870
0.2470,-1.7037,-1.6538,-3.4878,4.219
0.2670,-1.8436,-1.1681,-3.2453,3.911
0.2860,-1.2379,-2.1536,-2.8156,3.755
0.3060,-0.0514,-3.7588,-4.1410,5.593
0.3250,0.3042,-3.1686,-6.0218,6.811
0.3440,-1.2244,-0.7394,-6.9260,7.072
0.3640,-2.2864,0.4356,-4.5973,5.153
0.3830,-2.8403,1.0709,-0.2120,3.043
0.4030,-2.9476,0.4176,2.7783,4.072
0.4220,-1.7419,-0.8142,3.3157,3.833
0.4410,-0.9340,-1.3592,2.2692,2.805
0.4610,-1.7111,-0.6141,1.1091,2.130
0.4800,-2.3655,0.0789,0.9775,2.561
0.4990,-2.4154,0.2494,2.2467,3.308
0.5200,-2.3722,0.5044,3.5477,4.297
0.5390,-1.5590,-0.4035,2.7306,3.170
0.5580,-2.1121,-0.5468,4.3930,4.905
0.5780,-1.6032,-1.3390,4.4021,4.873
0.5970,-1.8119,-1.0166,4.6633,5.105
0.6160,-1.2436,-0.8448,4.7655,4.997
0.6360,-0.1848,-1.1804,3.5424,3.738
0.6560,0.6914,-1.5760,2.4699,3.010
0.6740,0.0386,-1.0262,1.7063,1.991
0.6940,-0.5142,-1.1688,-0.8456,1.531
0.7130,-0.4658,-1.1555,-1.8497,2.230
0.7320,-0.1191,-1.2025,-1.8068,2.174
0.7520,0.3689,-1.8072,-2.1253,2.814
0.7710,0.8057,-2.3747,-3.8252,4.574
0.7910,0.5623,-1.8524,-5.1942,5.543
0.8100,0.4237,-1.2906,-5.0161,5.197
0.8300,0.7246,-1.6764,-5.0884,5.406
0.8490,0.4492,-1.3429,-5.8740,6.042
0.8680,-0.4866,-0.2642,-5.9500,5.976
0.8870,-1.1323,0.4146,-4.4251,4.586
0.9070,-0.8278,-0.0654,-1.9237,2.095
0.9260,-0.3771,-0.6622,0.0403,0.763
0.9460,-0.2380,-0.7975,0.7272,1.105
0.9650,-0.6221,-0.6089,1.0120,1.335
0.9840,-1.1704,-0.5390,0.9897,1.625
1.0040,-1.2232,-0.5413,0.8623,1.591
1.0240,-1.6014,-0.3794,1.3063,2.101
1.0430,-1.8849,-0.1552,1.8586,2.652
1.0620,-2.2440,0.2066,2.7764,3.576
1.0810,-2.3344,0.4047,3.5936,4.304
1.1070,-2.2837,0.6082,4.3441,4.945
1.1200,-2.0205,0.5507,4.3190,4.800
1.1410,-1.5086,-0.0271,3.8671,4.151
1.1600,-1.3273,-0.5262,3.3436,3.636
1.1780,-1.6168,-0.9064,2.7635,3.328
1.1980,-1.4077,-1.3508,1.0251,2.204
1.2180,-1.3089,-1.1789,0.5581,1.848
1.2370,-0.8510,-1.2470,-0.9378,1.777
1.2560,-1.0555,-1.1975,-3.0723,3.462
1.2750,-1.8043,-0.7927,-4.5857,4.991
1.2950,-2.1285,-0.0702,-5.5502,5.945
1.3140,-2.0542,-0.1291,-4.8347,5.255
1.3340,-1.9738,-1.3844,-4.8805,5.443
1.3530,-1.2181,-2.2769,-5.0276,5.652
1.3720,-0.4587,-2.0434,-5.2042,5.610
1.3920,-1.0108,-0.6512,-4.2180,4.386
1.4110,-2.2710,0.5898,-2.0613,3.123
1.4300,-2.2894,0.6755,-0.0373,2.387
1.4500,-1.7943,-0.1792,1.2259,2.180
1.4690,-1.5572,-0.7120,1.1622,2.069
1.4890,-2.1116,-0.5564,1.2115,2.497
1.5080,-2.2904,-0.2254,1.5084,2.752
1.5270,-1.7989,-0.1262,2.1288,2.790
1.5470,-1.6890,-0.0670,3.0124,3.454
1.5660,-1.6822,0.0015,3.3445,3.744
1.5860,-1.6365,0.1892,4.2342,4.543
1.6050,-1.5637,0.3778,5.1044,5.352
1.6240,-1.7363,0.4773,5.6989,5.977
1.6440,-1.6476,0.4830,5.8256,6.073
1.6630,-1.2912,0.2692,5.1982,5.363
1.6830,-0.9389,-0.0014,4.4314,4.530
1.7020,1.2264,-2.3693,3.4717,4.378
1.7220,1.5669,-3.0987,2.3141,4.173
1.7410,-0.6006,-1.8177,1.8702,2.676
1.7600,-1.0454,-2.4340,-0.1992,2.656
1.7800,-0.2834,-2.1572,-1.8901,2.882
1.7990,0.2316,-1.7033,-3.8282,4.196
1.8190,-0.0626,-1.4228,-4.0801,4.322
1.8390,-0.2865,-1.6245,-3.7830,4.127
1.8600,0.4128,-2.5140,-3.3591,4.216
1.8770,0.4735,-2.4673,-3.2785,4.130
1.8960,0.0213,-1.9222,-4.5597,4.948
1.9150,-1.0432,-1.3229,-7.4163,7.605
1.9350,-2.0461,-0.1107,-8.3658,8.613
1.9540,-1.3987,0.3747,-4.7839,4.998
1.9740,0.3035,-0.7249,0.1281,0.796
1.9930,-0.1012,-1.0795,1.6564,1.980
2.0120,-0.4397,-0.9286,1.5991,1.901
2.0320,-0.3789,-1.0295,1.3420,1.733
2.0510,-0.8704,-0.6938,1.8299,2.142
2.0700,-1.0877,-0.6032,2.6893,2.963
2.0900,-0.7918,-0.3697,2.3860,2.541
2.1110,-0.4575,-0.0907,2.9794,3.016
2.1450,0.0761,-0.0839,3.2602,3.262
2.1480,0.4099,-0.0380,3.4877,3.512
2.1670,-0.3479,0.2845,4.4767,4.499
2.1880,-0.1926,-0.2360,4.7882,4.798
2.2060,-0.0479,-0.5893,4.4283,4.468
2.2260,-0.2266,-0.3178,3.7891,3.809
2.2450,-1.0022,-0.0046,2.4051,2.606
2.2720,-1.8792,-0.0072,1.9085,2.678
2.3120,-1.5497,-0.6407,0.2193,1.691
2.3120,-2.0004,-0.8404,-0.6551,2.267
2.3220,-2.6601,-0.5368,-2.0652,3.410
2.3420,-3.3357,-0.7438,-3.4277,4.840
2.3620,-4.1272,-1.1599,-4.4345,6.168
2.3810,-4.6637,-1.7216,-4.6611,6.815
2.4010,-4.2236,-2.1848,-4.6434,6.646
2.4220,-3.2779,-2.2166,-4.3346,5.869
2.4570,-2.6012,-1.7598,-4.3172,5.339
2.4620,-2.2363,-1.0193,-4.1372,4.812
2.4780,-2.3032,-0.0917,-3.4909,4.183
2.4980,-1.5875,-0.0987,-1.2967,2.052
2.5170,-0.9778,-0.8353,0.9335,1.589
2.5360,-0.4330,-1.9977,2.2245,3.021
2.5570,-0.4249,-2.3963,1.8724,3.071
2.5930,-0.1912,-1.8809,0.6993,2.016
2.5940,0.3143,-1.2672,0.5913,1.433
2.6140,0.7636,-0.9224,1.2488,1.730
2.6340,1.0482,-0.9101,2.4819,2.844
2.6540,1.3490,-0.9490,3.7521,4.099
2.6720,1.5661,-1.0904,4.6271,5.005
2.6920,1.9787,-1.5767,4.7822,5.410
2.7300,1.7131,-1.5167,4.0006,4.609
2.7310,1.1670,-1.3900,3.0789,3.574
2.7490,1.0033,-1.6048,2.6119,3.226
2.7690,0.7780,-1.6791,2.6392,3.223
2.7900,0.7272,-1.7110,2.5811,3.181
2.8080,0.5729,-1.7325,1.9769,2.690
2.8280,0.2709,-1.9412,1.0377,2.218
2.8620,-0.3977,-1.8946,-0.7685,2.083
2.8680,-1.1106,-1.6651,-3.5104,4.041
2.8850,-1.5007,-1.0085,-5.3571,5.654
2.9050,-1.3699,-0.6043,-4.7264,4.958
2.9240,-0.7023,-1.2329,-3.3029,3.595
2.9440,-0.9851,-1.6169,-5.1909,5.525
2.9630,-2.3235,-0.5199,-8.4797,8.808
2.9970,-3.0062,0.4502,-8.5660,9.089
3.0020,-2.3725,0.4939,-5.2716,5.802
3.0210,-1.3654,-0.0088,-2.1478,2.545
3.0410,-1.2006,-0.3454,-0.3671,1.302
3.0600,-0.8915,-0.5415,0.5021,1.158
3.0810,-0.6132,-0.4390,0.8949,1.170
3.1000,-0.4223,-0.5471,1.8027,1.931
3.1360,-0.1610,-0.2519,2.5666,2.584
3.1380,-0.0279,-0.0709,3.8429,3.844
3.1560,0.2944,0.0093,4.6508,4.660
3.1760,0.2956,0.0534,5.3781,5.387
3.1960,0.3719,-0.0797,5.3763,5.390
3.2150,0.1646,-0.1710,4.9646,4.970
3.2350,-0.0504,-0.3644,5.0056,5.019
3.2630,-0.2693,-0.4698,4.8868,4.917
3.2730,-0.5828,-0.4747,4.4448,4.508
3.2920,-1.2181,-0.3974,3.2117,3.458
3.3130,-1.9509,-0.5911,1.3101,2.423
3.3310,-2.5437,-0.5034,-0.9960,2.778
3.3510,-3.0388,-0.1594,-2.7292,4.088
3.3710,-3.2431,-0.5911,-3.0658,4.502
3.4010,-3.6789,-1.0274,-3.0846,4.910
3.4090,-3.8506,-1.2532,-3.5674,5.397
3.4290,-4.0045,-1.4657,-4.6066,6.277
3.4480,-3.7573,-1.7950,-5.3789,6.802
3.4680,-3.0439,-1.7441,-5.6821,6.678
3.4900,-2.3912,-1.0409,-5.4012,5.998
3.5350,-1.9783,-0.3144,-4.1095,4.572
3.5360,-1.6322,-0.3223,-1.4626,2.215
3.5450,-1.2501,-1.0238,1.2542,2.045
3.5640,-0.8424,-1.6568,2.6735,3.256
3.5840,-0.5836,-1.6644,2.7043,3.229
3.6030,-0.1558,-1.2817,2.3667,2.696
3.6230,0.2787,-0.7540,2.4682,2.596
3.6420,0.6708,-0.2317,3.1173,3.197
3.6770,0.9068,0.1305,3.5429,3.659
3.6800,0.8495,0.2727,3.7713,3.875
3.7000,0.7903,0.1546,3.5379,3.628
3.7200,0.7876,-0.0118,3.4662,3.555
3.7390,0.7571,-0.0509,3.8114,3.886
3.7600,0.6983,-0.1414,4.4414,4.498
3.7780,0.6006,-0.5045,4.8982,4.961
3.8120,0.4947,-0.6943,4.7748,4.850
3.8160,0.3733,-0.6855,4.2927,4.363
3.8350,0.2582,-0.7711,3.7696,3.856
3.8550,0.1620,-1.0180,3.1956,3.358
3.8740,0.1046,-1.5271,1.2340,1.966
3.8970,-0.3044,-1.7479,-0.5736,1.865
3.9200,-0.5086,-1.6943,-2.8568,3.360
3.9550,-0.6189,-1.5202,-4.9944,5.257
3.9550,-1.0194,-1.2486,-6.6358,6.829
3.9710,-0.7475,-1.3702,-6.5693,6.752
3.9910,-0.3844,-1.7478,-5.2339,5.531
4.0100,-0.1681,-1.9650,-4.6022,5.007
4.0300,-0.5218,-1.8556,-6.1070,6.404
4.0640,-1.2694,-1.2641,-8.1354,8.330
4.0690,-2.0821,-0.3157,-7.3286,7.625
4.0880,-1.1394,-0.4803,-3.4043,3.622
4.1070,-0.2216,-1.2879,0.4475,1.381
4.1280,0.2725,-1.5402,2.1466,2.656
4.1460,0.2874,-1.3389,2.3263,2.699
4.1670,0.0817,-0.8194,2.0365,2.197
4.2080,0.0511,-0.3093,1.9979,2.022
4.2080,0.1271,0.2154,2.3299,2.343
4.2230,0.2400,0.7094,2.8761,2.972
4.2430,0.1460,0.9664,3.4079,3.545
4.2630,0.1345,0.8120,4.0822,4.164
4.2820,0.2698,0.4386,4.6483,4.677
4.3020,0.1310,0.3579,4.6845,4.700
4.3400,0.1019,0.1841,4.9436,4.948
4.3410,0.1451,-0.0083,5.2268,5.229
4.3600,0.2277,-0.1667,5.1399,5.148
4.3790,-0.0982,-0.3442,4.1900,4.205
4.3990,-0.4746,-0.4949,2.7158,2.801
4.4190,-0.9583,-0.7964,0.6652,1.412
4.4380,-1.6418,-0.7355,-1.3073,2.224
4.4770,-1.9895,-0.8825,-2.6861,3.457
4.4770,-1.8936,-1.2614,-3.2928,4.002
4.4950,-2.2352,-1.5182,-4.4510,5.207
4.5140,-2.8522,-1.6528,-5.6573,6.548
4.5340,-3.0911,-1.5936,-6.3358,7.228
4.5530,-2.3027,-1.3836,-5.4990,6.120
4.5730,-1.2800,-1.2850,-4.2884,4.656
4.6120,-0.9269,-0.9478,-4.0794,4.289
4.6130,-1.5541,-0.4391,-4.1694,4.471
4.6300,-2.0416,-0.2293,-3.1087,3.726
4.6500,-2.2611,-0.4749,-0.8123,2.449
4.6690,-2.0339,-1.3032,1.1389,2.671
4.6900,-1.7546,-1.6139,2.0003,3.112
4.7280,-1.4098,-0.8858,1.8630,2.499
4.7330,-1.0658,-0.0519,1.9792,2.249
4.7470,-0.6584,0.4859,2.4845,2.616
4.7670,-0.1791,0.6316,3.0608,3.130
4.7870,0.1671,0.6746,3.1678,3.243
4.8280,0.3005,0.9516,3.2078,3.359
4.8290,0.6851,0.9189,3.6742,3.849
4.8440,0.9043,0.9316,4.0149,4.220
4.8640,1.0883,0.7668,4.3502,4.549
4.8850,1.2209,0.5754,4.3049,4.511
4.9040,1.0306,0.4170,3.7069,3.870
4.9220,0.8998,-0.0172,3.2081,3.332
4.9590,0.7252,-0.3447,2.9667,3.073
4.9630,0.6487,-0.4102,2.7525,2.857
4.9790,0.5192,-0.4743,2.3056,2.410
4.9990,0.2701,-0.5771,1.6184,1.739
5.0200,0.2300,-0.7128,0.7871,1.087
5.0400,0.0626,-0.8985,-0.1490,0.913
5.0590,-0.5129,-1.2058,-1.6403,2.099
5.0990,-1.0995,-1.3274,-3.5090,3.909
5.1000,-1.3573,-1.2257,-5.2831,5.591
5.1150,-1.6722,-0.6906,-5.9810,6.249
5.1350,-1.0017,-0.6343,-4.4940,4.648
5.1550,-0.6784,-1.1156,-3.0729,3.339
5.1740,-0.8652,-1.8915,-4.5595,5.012
5.1930,-1.9599,-1.3238,-8.4843,8.808
5.2130,-3.2466,0.2522,-10.3491,10.849
5.2490,-3.0458,1.3375,-6.8490,7.614
5.2510,-1.2758,0.0582,-1.3072,1.828
5.2700,-0.6176,-1.1479,1.8607,2.272
5.2900,-0.5376,-1.6022,1.7289,2.418
5.3110,-1.1975,-1.4019,0.7814,2.002
5.3290,-0.9592,-0.9766,0.7173,1.545
5.3510,-0.6026,-0.3228,1.8868,2.007
5.3820,0.1354,0.2876,3.0136,3.030
5.3870,0.1544,1.2580,4.3801,4.560
5.4060,-0.1504,1.9784,4.5122,4.929
5.4260,-0.5995,1.8665,4.3981,4.815
5.4460,-0.4364,1.2180,4.5737,4.753
5.4640,-0.4462,0.9567,5.5099,5.610
5.4850,-0.4980,1.0342,5.8513,5.963
5.5180,-0.3840,1.0255,5.7946,5.897
5.5230,-0.1463,0.8097,5.4027,5.465
5.5420,0.0203,0.5484,4.9905,5.021
5.5630,0.3387,0.2099,4.3280,4.346
5.5810,0.4225,0.1661,2.8981,2.933
5.6010,0.2249,0.0321,0.4994,0.549
5.6230,-0.3031,-0.3566,-2.3060,2.353
5.6710,-0.9644,-0.8382,-4.8792,5.044
5.6720,-1.9099,-1.4295,-7.4204,7.794
5.6770,-2.6509,-2.1654,-8.7508,9.396
5.6970,-3.2272,-2.4277,-8.8784,9.754
5.7170,-3.1567,-1.9483,-7.6289,8.483
5.7370,-2.7919,-1.2667,-4.7397,5.645
5.7670,-1.9153,-1.5810,-2.1848,3.308
5.7750,-1.6906,-2.1122,-2.5567,3.722
5.7940,-3.2383,-1.1672,-3.9205,5.217
5.8140,-3.4980,-0.7807,-2.4663,4.351
5.8340,-3.0781,-1.0579,0.9009,3.377
5.8530,-2.3527,-1.7819,4.2320,5.159
5.8720,-1.5851,-2.2177,5.5664,6.198
5.8940,-1.7064,-1.7562,4.2882,4.938
5.9340,-2.0510,0.1196,0.9079,2.246
5.9340,-1.8969,1.4022,-0.9929,2.559
5.9490,-1.3265,2.2841,-0.5603,2.700
5.9680,-0.7789,2.5557,1.7543,3.196
5.9890,0.0577,2.0997,3.4772,4.062
6.0090,0.3038,1.5179,3.9400,4.233
6.0280,0.3816,1.1048,3.5542,3.741
6.0460,0.5486,0.6645,3.6336,3.734
6.0670,0.9505,0.3621,3.8034,3.937
6.0850,1.2572,0.4722,3.8392,4.067
6.1050,1.6122,0.6482,3.7191,4.105
6.1290,1.7238,0.8739,3.1682,3.711
6.1430,1.7751,0.9985,2.6313,3.327
6.1640,1.5522,1.0273,2.0468,2.767
6.1830,1.2690,0.9636,1.3769,2.106
6.2030,1.0274,0.8638,0.3836,1.396
6.2210,0.7753,0.6161,-0.3067,1.037
6.2410,0.6233,0.7286,-0.7185,1.198
6.2730,0.5867,0.8037,-0.4461,1.090
6.2790,0.4310,0.3354,-0.1130,0.558
6.2980,0.2635,-0.4387,-0.1151,0.525
6.3180,0.0613,-0.6523,-0.2556,0.703
6.3370,-0.1963,-0.9442,-0.4153,1.050
6.3570,-0.9503,-1.3888,-0.8856,1.902
6.3900,-1.6442,-1.8275,-1.5409,2.901
6.3960,-2.2392,-1.6432,-2.4321,3.692
6.4150,-2.6245,-1.0708,-3.9557,4.866
6.4350,-2.9813,0.0587,-5.2453,6.034
6.4540,-2.7595,1.1237,-4.1265,5.090
6.4740,-2.5020,1.7435,-2.9704,4.257
6.5130,-2.3290,2.1613,-3.1333,4.462
6.5130,-1.6884,2.3147,-2.8250,4.024
6.5310,-0.8991,2.4988,-2.2328,3.470
6.5510,-0.1673,2.6392,-1.7770,3.186
6.5700,0.8681,2.8175,-1.4719,3.295
6.5900,1.6019,3.3236,-0.6877,3.753
6.6230,1.7815,3.5082,0.3253,3.948
6.6280,2.0068,3.2860,0.1447,3.853
6.6470,1.6324,3.2793,-0.7643,3.742
6.6670,0.8965,3.0053,-1.7221,3.578
6.6870,0.2438,3.0168,-3.2919,4.472
6.7210,0.3070,3.4160,-3.9758,5.251
6.7260,0.9331,4.2475,-3.0831,5.331
6.7450,2.0137,4.3434,-0.8128,4.856
6.7640,2.7836,3.9542,0.8610,4.912
6.7840,3.2797,3.3593,0.6077,4.734
6.8040,2.9770,2.9679,-0.9500,4.310
6.8230,2.6708,2.3017,-2.0649,4.086
6.8570,2.4576,1.8922,-2.8455,4.209
6.8610,1.9848,1.9544,-3.7211,4.648
6.8800,1.3978,2.0491,-4.1017,4.793
6.9000,1.1687,1.9855,-2.9806,3.767
6.9190,1.2655,1.9220,-1.0473,2.528
6.9390,1.2343,1.7443,0.3208,2.161
6.9590,1.4129,1.3545,1.2812,2.339
6.9940,1.5514,1.5441,1.6286,2.728
6.9990,1.4465,2.1355,1.5205,2.994
7.0160,1.4710,2.2244,1.8550,3.248
7.0350,1.4008,1.9983,1.7846,3.023
7.0550,1.2634,1.4164,1.1801,2.235
7.0740,0.7210,1.2892,0.5445,1.574
7.0940,0.3317,0.9510,0.7770,1.272
7.1270,-0.1368,0.7731,0.5900,0.982
7.1330,-0.9809,0.7504,-1.6328,2.047
7.1510,-1.9381,1.4666,-5.0319,5.588
7.1710,-2.8588,2.4231,-5.6115,6.748
7.1910,-3.3519,2.5225,-3.2661,5.317
7.2110,-2.0340,0.5585,0.1025,2.112
7.2300,-0.9609,-0.7891,0.8380,1.499
7.2610,-1.5356,-0.0810,-2.7875,3.184
7.2680,-2.1490,1.0978,-6.2649,6.714
7.2880,-1.5291,1.7981,-5.7476,6.213
7.3070,-0.7727,2.6176,-2.3110,3.576
7.3270,0.0875,2.5613,1.2179,2.837
7.3460,0.8566,1.9037,2.9876,3.645
7.3720,0.6225,2.1352,1.8753,2.909
7.4130,-0.0964,2.8628,-0.1467,2.868
7.4140,-0.8440,3.3748,-1.2283,3.689
7.4240,-0.9918,3.4044,-0.9621,3.674
7.4430,-0.7955,3.1858,-0.2154,3.291
7.4620,-0.3952,2.7287,0.0574,2.758
7.4820,-0.0348,2.2786,-0.1414,2.283
7.5180,0.2522,2.1769,-0.2914,2.211
7.5200,0.5251,2.0829,-0.0701,2.149
7.5400,0.7476,1.9437,0.5225,2.147
7.5590,0.9468,1.7297,1.2338,2.326
7.5790,0.9270,1.7103,1.7640,2.626
7.5980,0.6532,1.6915,2.0969,2.772
7.6320,0.2960,1.1319,1.9744,2.295
7.6370,-0.0042,0.7561,1.7083,1.868
7.6560,-0.0781,0.5105,1.7263,1.802
7.6760,0.0001,0.2521,2.0376,2.053
7.6950,0.2249,0.1917,2.1116,2.132
7.7140,0.2408,0.3190,1.6994,1.746
7.7340,0.1056,0.1410,0.5139,0.543
7.7710,-0.2878,0.0488,-0.7141,0.771
7.7720,-0.2398,0.0992,-1.3086,1.334
7.7920,0.0084,-0.2159,-1.8324,1.845
7.8110,-0.0194,-0.3348,-2.9855,3.004
7.8310,0.0395,-0.1474,-3.8452,3.848
7.8500,0.4540,-0.0250,-4.1743,4.199
7.8700,0.5731,-0.1182,-4.4030,4.442
7.8970,0.2405,-0.1495,-4.1462,4.156
7.9080,-0.6060,-0.1925,-4.3847,4.431
7.9270,-1.3551,0.0282,-6.4398,6.581
7.9480,-2.1043,0.9696,-8.9159,9.212
7.9660,-2.1245,2.7297,-6.9585,7.771
7.9860,0.0368,2.4741,-1.1486,2.728
8.0060,1.3860,1.8097,2.9721,3.746
8.0360,2.2152,1.0908,3.8360,4.562
8.0440,1.8206,1.2674,2.3419,3.226
8.0630,1.6646,1.4296,1.3539,2.578
8.0830,1.6459,1.6875,1.3710,2.727
8.1020,1.7025,1.9536,1.8678,3.194
8.1270,1.6560,2.1371,2.3139,3.559
8.1770,1.4849,2.1439,2.2955,3.474
8.1770,1.1781,1.8280,2.0741,3.005
8.1790,1.0234,1.4605,2.3917,2.983
8.1990,1.1470,1.2314,3.0033,3.443
8.2190,1.0378,1.2212,3.5437,3.889
8.2380,1.0308,1.1198,3.9385,4.222
8.2580,0.8497,0.7557,3.8068,3.973
8.2890,0.5587,0.2091,2.5994,2.667
8.2960,0.2488,-0.0988,0.8476,0.889
8.3150,-0.1506,-0.2974,-0.9831,1.038
8.3350,-0.5436,-0.1936,-2.2610,2.333
8.3550,-0.7096,0.0762,-2.6858,2.779
8.3780,-0.7182,0.1642,-2.6685,2.768
8.4220,-0.8488,-0.0774,-2.8904,3.013
8.4220,-1.3985,-0.5496,-3.7009,3.994
8.4310,-2.0979,-1.1358,-4.0746,4.722
8.4520,-2.2927,-1.6421,-4.7926,5.561
8.4700,-2.2143,-1.2383,-5.1195,5.714
8.4910,-1.6503,0.2222,-4.3421,4.650
8.5100,-0.8010,1.6945,-2.7345,3.315
8.5300,-0.3518,2.5136,-0.8797,2.686
8.5780,-0.0162,2.2409,0.7775,2.372
8.5780,-0.0205,1.5442,0.7888,1.734
8.5860,0.2217,1.2816,0.2410,1.323
8.6070,0.4510,1.5825,0.2182,1.660
8.6260,1.0011,1.8746,1.0402,2.366
8.6470,1.4487,1.9842,1.8051,3.049
8.6660,1.5380,1.9723,1.9846,3.193
8.6850,1.3972,1.7206,1.5799,2.722
8.7260,1.3768,1.4944,1.3572,2.444
8.7270,1.5379,1.5050,1.8877,2.862
8.7410,1.7483,1.3728,2.6820,3.483
8.7620,1.7612,1.2286,3.2892,3.928
8.7810,1.7356,1.0870,3.5967,4.139
8.8010,1.6362,0.7765,3.2490,3.720
8.8210,1.4243,0.6884,2.6716,3.105
8.8650,1.4050,0.5073,2.2909,2.735
8.8650,1.3486,0.2999,1.9416,2.383
8.8770,1.2899,0.0182,1.2618,1.805
8.8970,0.8663,-0.6386,-0.2246,1.099
8.9170,0.3447,-1.2003,-2.2408,2.565
8.9560,-0.1225,-1.3340,-4.4859,4.682
8.9560,-0.5229,-1.1737,-6.1155,6.249
8.9740,-0.6329,-0.8513,-6.5942,6.679
8.9940,-0.4495,-0.7652,-5.6790,5.748
9.0180,-0.2600,-0.9151,-4.5556,4.654
9.0610,-0.7466,-0.7509,-4.5373,4.659
9.0620,-1.4811,-0.2120,-6.2290,6.406
9.0710,-1.8643,0.5699,-7.2260,7.484
9.0910,-1.3620,1.2131,-4.7273,5.067
9.1110,-0.3008,1.1542,-1.0914,1.617
9.1300,0.3638,0.9514,1.1865,1.564
9.1580,0.5133,0.8225,1.5870,1.860
9.1680,0.1294,1.1140,0.7462,1.347
9.1880,0.1652,1.4865,0.8149,1.703
9.2080,0.5034,1.8238,1.9441,2.713
9.2280,0.8796,1.9927,3.0745,3.768
9.2610,1.1727,2.0669,3.6374,4.345
9.2670,1.1555,2.1462,3.6147,4.360
9.2870,0.8902,2.2243,3.1672,3.971
9.3050,0.7581,2.2005,3.3638,4.090
9.3240,0.8581,1.8820,3.8389,4.361
9.3430,0.7433,1.5119,3.9474,4.292
9.3630,0.7957,1.1218,3.9288,4.163
9.3830,0.7494,0.9275,3.4779,3.677
9.4140,0.3666,0.6637,2.4739,2.587
9.4200,-0.4631,0.3831,0.9614,1.134
9.4400,-1.3516,0.0485,-0.6720,1.510
9.4600,-2.0040,-0.4268,-2.8077,3.476
9.4800,-2.6245,-0.4245,-4.6908,5.392
9.5150,-3.0580,-0.2179,-5.4312,6.237
9.5170,-3.0721,-0.3768,-5.2609,6.104
9.5380,-3.0163,-0.7503,-5.0680,5.945
9.5570,-2.5290,-1.0491,-4.9477,5.655
9.5770,-1.9962,-0.8470,-4.6516,5.132
9.5950,-1.1303,-0.3396,-4.4100,4.565
9.6150,-0.6405,0.4404,-4.4918,4.559
9.6470,-0.4385,1.1967,-3.6810,3.895
9.6530,-0.5105,1.9926,-1.8443,2.763
9.6730,0.2411,1.7089,0.3788,1.767
9.6930,0.9892,1.1374,1.4691,2.105
9.7120,1.1261,0.6249,2.4029,2.726
9.7310,1.3448,0.8463,2.3740,2.857
9.7580,1.5967,0.9346,2.2954,2.948
9.7840,1.9655,1.2679,2.9027,3.728
9.7890,2.2471,1.6440,2.9380,4.048
9.8090,2.1745,2.0302,2.7478,4.050
9.8300,1.9391,2.2470,2.3338,3.776
9.8480,1.8268,2.0384,2.6004,3.776
9.8670,1.8479,1.6572,2.7910,3.735
9.8880,1.9395,1.3886,2.7785,3.662
9.9220,2.0199,1.4251,2.7864,3.725
9.9250,2.1922,1.3686,2.9369,3.912
9.9450,2.2154,1.2700,2.7226,3.733
9.9640,2.1252,1.0698,1.7932,2.979
9.9830,2.0456,0.8775,0.9105,2.405
10.0030,1.9877,0.6365,0.0239,2.087
10.0230,1.6571,0.4952,-1.0874,2.043
10.0420,1.2208,0.1862,-2.5986,2.877
10.0860,0.4339,-0.1547,-4.2059,4.231
10.0860,-0.5400,-0.6593,-5.8372,5.899
10.0990,-1.1027,-0.9318,-6.2933,6.457
10.1200,-0.7147,-1.0858,-5.5750,5.725
10.1390,-0.6199,-1.0343,-5.1508,5.290
10.1580,-1.3267,-0.7853,-6.4201,6.603
10.1780,-1.8657,-0.2114,-7.9053,8.125
10.2190,-2.0381,0.9798,-6.8465,7.210
10.2190,-0.9081,0.9435,-2.6152,2.925
10.2350,0.0350,0.4591,0.5054,0.684
10.2580,0.3036,0.2222,0.8700,0.948
10.2740,-0.0232,0.3263,0.3408,0.472
10.2940,0.0199,0.6105,0.5665,0.833
10.3140,0.4475,0.9244,1.9609,2.214
10.3560,0.8573,1.1912,3.2202,3.539
10.3560,1.2216,1.4028,3.7063,4.147
10.3710,1.2406,1.4450,3.7081,4.169
10.3900,1.0469,1.5698,3.3968,3.886
10.4110,0.9489,1.6108,3.2693,3.766
10.4300,0.9475,1.5345,3.3234,3.781
10.4490,0.9196,1.4972,3.4706,3.890
10.4870,1.0028,1.3963,3.5698,3.962
10.4880,0.8532,1.0200,3.4232,3.672
10.5070,0.3905,0.7199,2.6728,2.796
10.5290,-0.2170,0.6629,1.7151,1.851
10.5460,-0.8104,0.3851,0.7510,1.170
10.5650,-1.3786,0.1443,-0.6413,1.527
10.5850,-1.7767,0.3198,-2.1972,2.844
10.6040,-1.8629,0.4710,-3.2099,3.741
10.6400,-2.0429,0.2735,-3.7319,4.263
10.6430,-2.2655,-0.1383,-4.5218,5.059
10.6630,-2.7690,-0.5093,-5.1189,5.842
10.6830,-2.7983,-0.8265,-5.4909,6.218
10.7010,-2.3886,-1.2032,-5.6206,6.225
10.7200,-1.9642,-0.8124,-5.7907,6.168
10.7390,-1.2556,-0.0385,-5.0663,5.220
10.7590,-0.7426,0.6640,-3.1553,3.309
10.7790,-0.3662,0.8369,-0.5280,1.055
10.7980,-0.1923,0.6151,1.5735,1.700
10.8170,0.0518,0.0809,2.9642,2.966
10.8370,0.0025,0.3964,2.7203,2.749
10.8740,0.1524,1.0177,2.2714,2.494
10.8790,0.5010,1.8781,2.2366,2.963
10.8950,0.9809,2.6577,2.2395,3.611
10.9150,1.3554,3.1633,2.1412,4.053
10.9350,1.6408,3.2934,2.7209,4.576
10.9740,1.8495,3.0691,3.6487,5.114
10.9750,1.8823,2.5420,4.1721,5.236
10.9910,1.7093,1.6247,4.0085,4.651
11.0120,1.6034,0.9459,3.7090,4.150
11.0310,1.5532,0.4221,3.6844,4.021
11.0510,1.4946,0.0006,3.7079,3.998
11.0700,1.4685,-0.2547,3.5834,3.881
11.0900,1.3899,-0.2806,2.9757,3.296
11.1240,1.2546,-0.1014,2.1024,2.450
11.1300,1.2272,-0.0802,1.4485,1.900
11.1480,1.0485,-0.2923,0.5470,1.218
11.1670,0.6826,-0.6501,-0.8364,1.260
11.1860,0.2404,-0.9207,-3.0038,3.151
11.2050,-0.5852,-0.9996,-5.5876,5.706
11.2250,-1.1534,-1.0310,-7.5649,7.721
11.2570,-1.1904,-1.3678,-8.2562,8.453
11.2630,-0.7982,-1.5670,-7.2366,7.447
11.2830,-0.2505,-1.8288,-5.7325,6.022
11.3020,-0.5656,-1.7059,-5.5687,5.852
11.3210,-1.6523,-1.2892,-7.4616,7.750
11.3410,-2.2288,-0.7020,-8.4319,8.750
11.3610,-1.8249,0.2015,-6.1635,6.431
11.3940,-0.7926,0.6427,-1.6780,1.964
11.4000,0.2792,0.3845,2.3140,2.362
11.4180,0.9197,0.1118,4.0282,4.133
11.4370,0.6800,0.5239,3.2773,3.388
11.4570,0.4660,1.1318,2.3717,2.669
11.4850,0.7019,1.5931,2.7752,3.276
11.4960,1.2975,1.9381,3.6628,4.342
11.5160,1.6886,2.2789,3.8642,4.793
11.5350,1.7203,2.4686,3.0772,4.304
11.5540,1.5497,2.8234,2.2023,3.902
11.5740,1.4603,2.9612,2.0289,3.875
11.6150,1.4135,2.7774,2.4916,3.990
11.6150,1.4853,2.1766,3.0377,4.021
11.6310,1.4503,1.7084,3.1220,3.843
11.6510,1.2908,1.2130,2.9129,3.409
11.6710,0.9032,0.8675,2.5091,2.804
11.6910,0.5214,0.6154,1.9683,2.127
11.7390,0.0627,0.5458,1.0178,1.157
11.7390,-0.2545,0.3259,-0.2471,0.482
11.7500,-0.6663,0.1380,-1.4830,1.632
11.7680,-0.9305,-0.1258,-2.3190,2.502
11.7870,-1.2946,-0.4658,-3.2384,3.519
11.8070,-1.8528,-0.7537,-4.3639,4.800
11.8490,-2.5432,-1.0278,-5.0004,5.703
11.8500,-2.6473,-1.2908,-4.6416,5.497
11.8640,-2.0409,-1.4092,-4.0787,4.774
11.8840,-1.4477,-1.2746,-4.5760,4.966
11.9030,-1.5032,-0.1623,-6.2134,6.395
11.9290,-1.6360,1.3262,-6.7097,7.032
11.9420,-1.7678,2.1826,-4.3717,5.196
11.9610,-1.2916,1.2986,-0.2159,1.844
11.9810,-1.0278,0.0425,2.6557,2.848
12.0010,-0.5496,-1.0126,3.8333,4.003
12.0200,-0.1733,-1.4622,3.3875,3.694
12.0420,0.1428,-0.8778,1.9915,2.181
12.0590,0.5587,0.3073,1.7645,1.876
12.1020,1.1022,1.2458,1.9143,2.536
12.1030,1.4376,2.0610,1.8444,3.117
12.1160,1.6839,2.5082,2.0323,3.641
12.1400,1.8497,2.6137,2.2053,3.888
12.1720,2.0106,2.2106,2.7452,4.058
12.1750,2.3118,1.4835,3.6405,4.561
12.1940,2.3572,1.2944,4.4619,5.210
12.2130,2.3074,1.0414,5.0725,5.669
12.2330,2.0644,0.6789,5.0882,5.533
12.2520,1.8174,0.2706,4.6778,5.026
12.2720,1.5133,0.0014,3.8950,4.179
12.2930,1.1435,-0.1514,2.8704,3.094
12.3130,0.8486,-0.3536,2.1354,2.325
12.3550,0.7705,-0.7266,1.1099,1.534
12.3550,0.3419,-0.7885,-0.9395,1.273
12.3690,-0.4554,-0.4723,-3.6163,3.675
12.3900,-1.1162,-0.1623,-5.8055,5.914
12.4270,-1.6469,-0.1926,-7.2959,7.482
12.4270,-1.8643,-0.3860,-7.8087,8.037
12.4460,-1.6056,-0.7306,-6.7618,6.988
12.4650,-0.9659,-1.1370,-4.7703,4.998
12.4870,-0.7091,-1.4304,-4.6818,4.947
12.5050,-1.2193,-1.2003,-5.7880,6.036
12.5240,-1.3546,-0.5561,-7.0731,7.223
12.5450,-0.7989,0.5115,-5.7598,5.837
12.5880,0.5165,0.9595,-2.2887,2.535
12.5880,1.4716,0.8264,0.7720,1.856
12.6010,1.9883,0.5697,1.8081,2.747
12.6210,1.7036,0.5790,1.1204,2.120
12.6400,1.4175,0.7346,0.5315,1.683
12.6610,1.6372,0.7513,0.8305,1.984
12.6850,2.1256,1.1389,1.5910,2.889
12.7190,2.5025,1.5915,2.2567,3.727
12.7190,2.5264,2.0314,2.3275,3.991
12.7370,2.3825,2.1450,2.1505,3.860
12.7570,2.0363,2.0217,2.0530,3.528
12.7760,1.9214,1.6929,2.5517,3.615
12.7990,2.0059,1.4973,3.2994,4.141
12.8170,1.9696,1.6444,3.6145,4.433
12.8350,1.8716,1.4917,3.8066,4.497
12.8770,1.6457,1.2084,3.7223,4.245
12.8770,1.4217,1.0095,3.3279,3.757
12.8920,1.1555,0.8069,2.3388,2.731
12.9120,0.4245,0.5067,0.2346,0.701
12.9310,-0.5982,0.1071,-2.1375,2.222
12.9510,-1.4430,-0.1146,-4.0277,4.280
12.9710,-1.7780,-0.2237,-4.9640,5.278
13.0100,-2.1132,-0.3655,-4.4452,4.935
13.0100,-2.2520,-0.6972,-4.1781,4.797
13.0280,-2.3049,-0.5769,-4.5205,5.107
13.0480,-1.8790,-0.5754,-4.4484,4.863
13.0670,-1.0097,-0.6927,-3.6475,3.848
13.0870,-0.9325,-0.2365,-4.6928,4.790
13.1210,-1.3387,0.6205,-7.1839,7.334
13.1250,-2.1351,1.4970,-7.0767,7.542
13.1450,-1.2716,0.8577,-2.7722,3.168
13.1640,0.1092,-0.3127,1.8120,1.842
13.1840,0.8390,-0.5521,4.1300,4.250
13.2030,0.8083,-0.0661,2.8611,2.974
13.2220,0.5268,0.4971,1.0301,1.259
13.2570,0.4858,0.1522,0.3302,0.607
13.2630,0.6925,1.1154,0.9782,1.637
13.2800,1.3178,1.5084,2.1960,2.972
13.3000,1.4640,2.0039,2.8612,3.788
13.3190,1.3938,1.8580,3.1512,3.915
13.3380,1.3040,1.1324,3.1154,3.562
13.3590,1.1428,0.6921,2.8769,3.172
13.3970,1.0944,0.5132,2.6260,2.891
13.3970,1.0944,0.4311,2.8515,3.085
13.4160,1.1482,0.3561,3.1584,3.379
13.4360,1.2290,0.4299,3.2806,3.530
13.4550,1.4124,0.2468,3.1471,3.458
13.4760,1.2651,0.3785,2.7421,3.044
13.4940,1.0878,0.3869,2.3981,2.662
13.5140,0.8100,0.1693,2.0192,2.182
13.5440,0.7426,-0.1294,1.9525,2.093
13.5520,0.7387,-0.4732,2.0061,2.190
13.5710,0.6284,-0.7527,1.6735,1.940
13.5900,0.5487,-1.0326,1.0171,1.550
13.6110,0.7084,-1.4696,-0.3129,1.661
13.6350,0.3799,-1.6486,-1.8986,2.543
13.6790,0.2573,-1.9413,-3.4570,3.973
13.6790,0.2859,-1.6373,-4.8929,5.167
13.6890,0.1842,-0.7544,-5.7893,5.841
13.7070,0.0080,-0.2502,-6.1582,6.163
13.7270,-0.0522,0.0307,-6.1639,6.164
13.7460,-0.2592,0.7643,-5.6348,5.692
13.7690,-0.5685,1.0751,-4.7965,4.948
13.8150,-0.1853,0.6847,-3.2581,3.334
13.8160,0.5126,0.4891,-2.2185,2.329
13.8230,0.8935,0.7096,-1.7740,2.109
13.8420,1.2145,0.8586,-1.9238,2.432
13.8620,1.5425,1.3195,-2.0465,2.882
13.8810,2.2265,1.3939,-1.4223,2.987
13.9010,2.9667,1.6843,-0.0183,3.411
13.9270,3.6787,1.7478,1.2986,4.275
13.9660,4.0033,1.6625,1.9953,4.772
13.9670,3.7479,1.8109,0.9554,4.271
13.9780,3.3926,2.3270,-0.1276,4.116
13.9970,3.2299,2.8089,-0.2052,4.285
14.0170,3.1321,2.9728,0.5953,4.359
14.0370,2.8285,2.6404,0.9770,3.991
14.0560,2.4143,2.2191,0.5147,3.319
14.0750,2.0113,2.2654,0.1161,3.032
14.1180,1.7721,2.3390,0.4253,2.965
14.1180,1.6657,2.2159,1.0446,2.962
14.1330,1.7034,1.8605,1.3939,2.882
14.1530,2.0399,1.3968,1.7535,3.031
14.1730,2.3504,1.1263,1.8150,3.176
14.1920,2.5998,1.1265,1.4242,3.171
14.2120,2.7686,1.0468,0.8745,3.086
14.2510,3.0024,0.6699,0.1710,3.081
14.2520,3.1952,0.1232,-0.4030,3.223
14.2720,3.2020,-0.2144,-0.9147,3.337
14.2880,3.0541,-0.3070,-1.1109,3.264
14.3080,2.5438,-0.2104,-1.6826,3.057
14.3280,1.5444,0.0892,-2.6389,3.059
14.3490,0.5466,0.1620,-3.2462,3.296
14.3850,-0.0729,0.1563,-2.6842,2.690
14.3910,-0.6227,0.3155,-1.6081,1.753
14.4050,-1.3599,0.3580,-1.0879,1.778
14.4240,-1.8647,-0.3327,-0.9627,2.125
14.4430,-2.0729,-0.5531,-0.7198,2.263
14.4630,-2.0600,-0.6137,-0.3437,2.177
14.4830,-1.7387,-0.4501,0.1010,1.799
14.5210,-1.2216,-0.1704,0.4714,1.320
14.5220,-1.1143,0.0094,0.6645,1.297
14.5400,-1.1528,-0.5109,0.3877,1.319
14.5610,-0.5458,-1.2046,-0.2793,1.352
14.5800,0.0491,-1.4654,-0.6135,1.589
14.6000,0.8897,-1.0769,-0.0559,1.398
14.6370,1.7783,-0.5854,1.1465,2.195
14.6420,2.3828,-0.2523,1.4696,2.811
14.6570,2.2023,0.2561,0.4690,2.266
14.6760,2.2409,1.0599,-0.8819,2.631
14.6960,1.8325,1.7594,-1.4534,2.927
14.7160,1.8607,1.9328,-1.0398,2.877
14.7560,1.8525,1.8501,-0.2691,2.632
14.7560,1.6540,1.7780,0.2148,2.438
14.7730,1.3624,1.4990,0.5809,2.107
14.7930,1.0592,1.2802,0.6666,1.790
14.8120,0.6116,1.4954,0.2816,1.640
14.8320,0.1434,1.1853,0.1120,1.199
14.8520,-0.2614,0.8093,0.0786,0.854
14.8900,-0.3546,0.5271,0.5519,0.841
14.8900,-0.3808,0.3565,1.1758,1.286
14.9090,-0.3680,0.1429,1.5235,1.574
14.9280,-0.4802,-0.2055,1.2369,1.343
14.9480,-0.8272,-0.3797,0.5079,1.042
14.9680,-1.0513,-0.8246,0.1091,1.341
14.9880,-1.2033,-1.4045,0.0013,1.850
15.0190,-1.1561,-1.8576,0.3373,2.214
15.0250,-0.8923,-2.6076,0.5880,2.818
15.0460,-0.8779,-3.1275,0.0282,3.249
15.0640,-0.8434,-3.0204,-0.8147,3.240
15.0840,-0.5673,-2.6793,-1.3904,3.071
15.1040,-0.0828,-2.1992,-1.1596,2.488
15.1230,0.8311,-1.9078,-0.1058,2.084
15.1440,1.4631,-1.7500,0.2015,2.290
15.1760,0.7053,-1.2700,-1.9761,2.453
15.1810,-0.8535,-0.1669,-6.2623,6.322
15.2030,-2.2910,1.2585,-9.4631,9.817
15.2190,-1.8161,1.9150,-7.6351,8.078
15.2390,-0.9244,1.2519,-4.1424,4.425
15.2590,-0.8031,1.1976,-2.7586,3.113
15.2770,-1.1648,2.0901,-3.1230,3.934
15.2980,-1.2291,2.8307,-2.7401,4.127
15.3170,-1.0905,3.2880,-0.9108,3.582
15.3360,-0.8126,3.2997,1.4786,3.706
15.3550,-0.4369,2.8483,3.7940,4.764
15.3750,-0.2768,2.2750,5.1669,5.652
15.4050,-0.0819,1.7291,5.6426,5.902
15.4130,0.0550,1.4854,5.5922,5.786
15.4330,0.0945,1.3774,4.9798,5.168
15.4520,-0.0035,1.1944,4.2880,4.451
15.4720,-0.1079,0.6479,3.5038,3.565
15.4930,-0.3843,0.0720,2.1272,2.163
15.5240,-0.8549,-0.2226,0.0928,0.888
15.5300,-1.3576,-0.1108,-1.6365,2.129
15.5490,-1.6264,0.0056,-2.6467,3.106
15.5690,-1.7519,-0.2996,-3.4953,3.921
15.5880,-2.2015,-0.2818,-4.8487,5.332
15.6080,-2.7551,-0.0299,-5.6402,6.277
15.6270,-2.3022,-0.2572,-4.1236,4.730
15.6600,-1.1774,-0.8170,-2.6672,3.028
15.6660,-0.5552,-0.5552,-2.8434,2.950
15.6850,-0.8922,0.2900,-4.5223,4.619
15.7040,-1.7230,1.6418,-6.5857,7.003
15.7240,-2.3518,2.9086,-6.8489,7.804
15.7430,-1.4412,2.0447,-2.8574,3.798
15.7630,-0.2612,0.2977,1.5582,1.608
15.7940,0.8591,-0.7755,3.9579,4.124
15.8010,1.2650,-0.5831,3.5224,3.788
15.8200,1.0350,0.3738,1.8976,2.194
15.8410,0.9980,1.0843,1.2036,1.903
15.8600,0.8418,1.4027,0.9684,1.901
15.8790,0.4256,1.2592,1.1912,1.785
15.9010,0.8978,0.7254,2.2565,2.535
15.9350,0.8430,0.4686,3.2141,3.356
15.9370,0.8453,0.2325,3.9473,4.043
15.9570,0.8558,0.2258,4.2003,4.293
15.9760,0.6927,0.2440,4.1053,4.171
15.9960,0.6183,0.2279,3.9322,3.987
16.0320,0.5184,0.1832,3.6808,3.722
16.0340,0.4707,-0.1850,3.0493,3.091
16.0530,0.2785,-0.4816,1.7548,1.841
16.0730,0.0228,-0.6422,0.1045,0.651
16.0920,-0.1062,-0.7032,-1.3553,1.531
16.1130,-0.1811,-0.9024,-2.6750,2.829
16.1520,-0.2039,-1.1574,-3.8909,4.065
16.1530,-0.2853,-1.1399,-4.8335,4.974
16.1700,-0.3035,-0.9992,-5.3907,5.491
16.1890,0.0517,-1.0069,-5.4218,5.515
16.2090,-0.1547,-0.6018,-6.1328,6.164
16.2280,-0.7342,-0.2531,-8.0342,8.072
16.2480,-1.6134,0.4895,-10.0399,10.181
16.2810,-1.8568,1.1665,-8.5150,8.793
16.2870,-1.2445,0.8310,-4.4057,4.653
16.3060,-0.4690,0.1320,-0.7944,0.932
16.3240,-0.2421,-0.1579,1.2520,1.285
16.3440,-0.4312,0.4513,1.4268,1.557
16.3640,-0.1365,0.8838,1.9928,2.184
16.3830,0.2507,1.0455,2.8216,3.019
16.4130,0.5392,1.2253,3.4768,3.726
16.4220,0.6940,1.6694,4.0061,4.395
16.4410,0.6893,2.1020,4.2482,4.790
16.4610,0.4590,2.5390,4.1090,4.852
16.4800,0.3147,2.6490,4.3288,5.085
16.4990,0.1678,2.4736,4.2595,4.929
16.5200,0.0525,2.1839,3.9221,4.489
16.5560,0.0137,2.0345,3.8972,4.396
16.5580,-0.0950,1.8897,4.1434,4.555
16.5770,-0.3003,1.7057,3.8085,4.184
16.5960,-0.7247,1.5081,2.8610,3.314
16.6160,-1.0140,0.9963,2.2496,2.661
16.6360,-1.1423,0.4030,1.4281,1.873
16.6550,-1.2990,0.2085,0.4515,1.391
16.6770,-1.3832,0.0218,-0.6179,1.515
16.7250,-1.7720,-0.2121,-1.8248,2.552
16.7260,-2.3365,-0.6677,-3.3948,4.175
16.7330,-3.1870,-0.9502,-5.2730,6.234
16.7520,-3.3844,-1.8084,-6.7601,7.773
16.7720,-2.7219,-2.6194,-7.0773,8.022
16.7900,-1.7200,-3.0294,-6.7155,7.565
16.8110,-1.5768,-1.9924,-7.0513,7.495
16.8580,-1.7807,-0.3568,-7.3720,7.592
16.8580,-1.8892,0.8192,-5.9073,6.256
16.8690,-1.2030,0.3593,-1.4895,1.948
16.8870,-0.5414,-0.8884,2.5638,2.767
16.9070,0.2426,-1.6728,4.5457,4.850
16.9300,0.4420,-1.0615,4.1018,4.260
16.9460,0.5002,-0.1235,2.9124,2.958
16.9650,0.6731,0.7275,2.3665,2.566
16.9850,0.8442,1.2910,2.3459,2.808
17.0040,0.9376,1.3688,2.5654,3.055
17.0240,1.0401,1.5448,2.9516,3.490
17.0530,1.0693,1.6815,3.4283,3.965
17.0620,0.9447,1.5970,3.7793,4.210
17.0810,0.8598,1.1817,4.1639,4.413
17.1010,0.8563,0.7946,4.4421,4.593
17.1220,0.7563,0.4981,4.4314,4.523
17.1580,0.5735,0.2098,4.0847,4.130
17.1590,0.4559,0.1053,3.6054,3.636
17.1780,0.4927,0.0823,3.1931,3.232
17.1980,0.7858,-0.2208,2.9696,3.080
17.2170,1.1069,-0.8899,2.3618,2.756
17.2380,1.3706,-1.6214,0.5981,2.206
17.2610,1.0203,-1.6946,-2.0284,2.833
17.2960,0.1383,-1.5161,-4.7177,4.957
17.2970,-0.5026,-1.6005,-6.4650,6.679
17.3160,-0.1203,-2.0288,-6.3259,6.644
17.3340,0.0463,-1.6881,-5.7758,6.018
17.3540,-0.2405,-1.2917,-6.9759,7.099
17.3730,-1.8745,-0.0392,-9.0736,9.265
17.3920,-3.5826,1.2875,-9.7924,10.506
17.4230,-3.4214,1.4778,-6.3471,7.360
17.4300,-2.0810,0.0414,-1.3179,2.464
17.4500,-0.5906,-1.3858,1.9936,2.499
17.4700,0.7100,-1.8008,3.4446,3.951
17.4890,0.2275,-0.4180,2.3085,2.357
17.5140,0.1268,0.6475,1.0318,1.225
17.5590,0.0942,1.1883,0.6898,1.377
17.5600,0.2434,1.4442,0.9801,1.762
17.5680,0.2625,1.7030,1.4298,2.239
17.5860,0.2757,1.7774,2.0859,2.754
17.6050,0.2597,1.6740,2.9176,3.374
17.6250,0.4014,1.4152,3.6730,3.957
17.6440,0.2250,1.2126,4.0755,4.258
17.6630,0.0641,0.9024,4.2365,4.332
17.6840,0.0750,0.4807,4.1553,4.184
17.7300,0.1483,0.2272,3.9192,3.929
17.7310,-0.0377,0.1686,3.2485,3.253
17.7400,-0.4435,0.0450,2.1564,2.202
17.7600,-0.9080,-0.3130,0.5836,1.124
17.7800,-1.4004,-0.8209,-1.5115,2.218
17.7990,-2.1366,-0.9924,-3.6486,4.343
17.8190,-2.6555,-0.9772,-4.7135,5.498
17.8640,-2.9123,-1.2772,-5.0738,5.988
17.8650,-2.7995,-1.5924,-4.8476,5.820
17.8760,-2.4641,-1.6502,-4.5059,5.394
17.8960,-2.1350,-1.0132,-4.5946,5.167
17.9210,-1.8362,-0.0606,-4.6635,5.012
17.9360,-1.5432,0.5458,-3.9718,4.296
17.9910,-1.3512,0.8164,-2.3102,2.798
17.9920,-1.3840,0.9963,-0.4288,1.758
17.9930,-1.2708,0.8854,1.4378,2.113
18.0120,-1.0432,0.6697,2.5518,2.837
18.0320,-0.8766,0.7318,2.7740,3.000
18.0610,-0.5492,0.8650,3.1221,3.286
18.0720,-0.1353,0.8740,3.5869,3.694
18.0900,0.2080,0.9028,3.7160,3.830
18.1090,0.3336,1.0458,3.3065,3.484
18.1290,0.3379,1.1695,2.7939,3.048
18.1610,0.4287,1.2848,2.4398,2.791
18.1680,0.4542,1.2248,2.3546,2.693
18.1870,0.5481,0.9409,2.7318,2.941
18.2070,0.7858,0.5224,3.3807,3.510
18.2260,0.9090,0.3393,3.7639,3.887
18.2460,1.1196,0.1375,3.8711,4.032
18.2780,1.2407,0.1167,3.7481,3.950
18.2830,1.4200,-0.0157,3.3906,3.676
18.3030,1.3788,-0.2247,2.4169,2.792
18.3230,1.2913,-0.5117,0.8793,1.644
18.3410,1.0925,-0.9009,-1.1580,1.829
18.3620,0.7540,-1.2205,-3.2085,3.515
18.4010,0.4146,-1.5081,-4.9738,5.214
18.4020,0.2941,-1.7570,-6.1802,6.432
18.4190,0.2137,-1.7796,-6.1824,6.437
18.4390,0.3658,-1.8401,-5.2930,5.616
18.4580,0.0217,-1.5668,-5.6368,5.851
18.5000,-1.2343,-0.5036,-7.2579,7.379
18.5010,-2.1788,0.3354,-7.6056,7.919
18.5160,-1.6780,0.4641,-4.9046,5.204
18.5360,-0.8004,0.2682,-1.4313,1.662
18.5550,0.3177,0.1499,1.5706,1.609
18.5750,0.7768,0.5174,3.0911,3.229
18.6240,0.8777,1.0141,3.0820,3.361
18.6250,0.6842,1.3796,2.0290,2.547
18.6320,0.7565,1.3122,1.3747,2.045
18.6570,0.8723,0.9600,1.0695,1.681
18.7020,1.0798,1.0651,0.8014,1.715
18.7020,1.1150,1.5934,0.7379,2.080
18.7100,0.9719,1.8541,0.9970,2.319
18.7290,0.7243,1.7281,1.4918,2.395
18.7490,0.5920,1.3289,2.3686,2.780
18.7690,0.5093,0.9247,3.3000,3.465
18.7950,0.5639,0.6900,3.9727,4.071
18.8360,0.5831,0.9878,4.2477,4.400
18.8360,0.6980,1.1320,4.3566,4.555
18.8450,0.5774,1.1332,3.8153,4.022
18.8650,0.4145,0.7972,3.1480,3.274
18.8850,0.3148,0.1953,2.4254,2.453
18.9050,0.1444,-0.2804,1.3806,1.416
18.9250,-0.0997,-0.7944,0.0744,0.804
18.9430,-0.3770,-1.0716,-1.3120,1.735
18.9780,-0.6791,-0.9729,-2.5912,2.850
18.9810,-0.8892,-1.0051,-3.5400,3.786
19.0010,-1.0250,-1.4455,-4.0667,4.436
19.0200,-1.2671,-1.8362,-4.4965,5.020
19.0400,-1.4450,-2.1639,-4.7006,5.373
19.0600,-1.6544,-2.0554,-4.7167,5.405
19.0780,-1.2318,-2.0248,-4.0375,4.682
19.0980,-0.6070,-2.0331,-3.4947,4.088
19.1180,-0.5788,-1.3179,-4.0790,4.326
19.1370,-1.6760,0.3845,-6.2427,6.475
19.1570,-2.8161,1.4913,-7.3601,8.020
19.1760,-2.4665,1.1352,-3.9760,4.815
19.1970,-1.5332,0.0859,0.7092,1.691
19.2410,-0.6108,-0.8150,4.3374,4.455
19.2420,-0.2567,-0.9432,5.6243,5.709
19.2530,-0.9337,-0.1116,4.4016,4.501
19.2730,-1.4206,0.7307,2.5025,2.969
19.2940,-1.6564,1.5353,1.4584,2.688
19.3220,-1.4012,1.9239,1.4088,2.766
19.3310,-1.0055,2.0016,1.7670,2.853
19.3500,-0.6753,2.2946,2.3409,3.347
19.3700,-0.2300,2.1958,3.3198,3.987
19.3890,0.1065,1.6986,4.2921,4.617
19.4120,0.3509,1.0435,4.8512,4.975
19.4610,0.5766,0.4745,5.0218,5.077
19.4620,0.5664,0.4320,4.3236,4.382
19.4690,0.6750,0.4474,3.8800,3.964
19.4860,0.8967,0.3426,3.6102,3.736
19.5060,1.1151,0.2991,3.3227,3.518
19.5250,1.1942,0.1813,3.0099,3.243
19.5440,1.2432,-0.0709,2.6291,2.909
19.5730,1.2456,-0.3330,2.1873,2.539
19.5830,1.2526,-0.3024,1.7480,2.172
19.6020,1.3611,-0.3913,1.5256,2.082
19.6230,1.2729,-0.7905,1.1701,1.901
19.6410,1.1761,-1.4535,0.6639,1.984
19.6610,0.9560,-1.8422,-0.7273,2.199
19.6830,0.2404,-1.6490,-3.1373,3.552
19.7300,-0.5940,-1.4395,-5.9846,6.184
19.7300,-1.2831,-1.5258,-7.3724,7.637
19.7380,-1.3849,-2.0224,-6.7336,7.166
19.7580,-1.2058,-2.7888,-5.4193,6.213
19.7770,-0.8837,-2.9106,-4.4688,5.406
19.7970,-0.5208,-2.1993,-3.7480,4.377
19.8170,-0.1900,-1.3939,-2.9572,3.275
19.8370,-0.2145,-0.7341,-2.4260,2.544
19.8790,-0.3482,-0.5640,-2.1444,2.245
19.8800,-0.2060,-0.7329,-1.4678,1.653
19.8930,0.2682,-0.9067,-0.5506,1.094
19.9130,0.7690,-0.7478,-0.0196,1.073
19.9340,0.7121,0.0816,-0.1681,0.736
19.9520,0.6327,0.4687,-0.6965,1.051
19.9710,0.5545,0.6253,-1.2886,1.536
20.0170,1.1536,0.5268,-0.9160,1.564
20.0170,1.7872,0.4889,-0.5686,1.938
20.0290,2.2879,0.4927,-0.8564,2.492
20.0480,2.6954,0.9028,-1.0689,3.037
20.0700,2.9111,1.6634,-0.7501,3.436
20.1230,2.8669,2.2164,-0.3943,3.645
20.1230,2.6475,2.3039,-0.0894,3.511
20.1260,2.3548,2.1134,0.2843,3.177
20.1460,2.0024,1.7379,0.8759,2.792
20.1670,1.6655,1.2863,1.8202,2.782
20.2130,1.4553,0.8922,2.7233,3.214
20.2130,1.1536,0.7076,3.2296,3.502
20.2230,1.0146,0.5238,3.7567,3.926
20.2420,0.7868,0.1600,3.9833,4.063
20.2620,0.4763,-0.2542,3.3699,3.413
20.2820,-0.0022,-0.2263,2.4320,2.442
20.3160,-0.2313,-0.0375,1.7804,1.796
20.3200,-0.3500,0.2950,1.7032,1.764
20.3390,-0.2851,0.5421,1.8751,1.973
20.3590,-0.4439,0.6843,1.4895,1.698
20.3780,-0.5928,0.5806,0.5777,1.011
20.3990,-0.8099,0.6905,-0.7656,1.311
20.4380,-0.9164,0.5766,-2.0547,2.322
20.4390,-0.9285,0.2720,-2.5595,2.736
20.4570,-0.6847,-0.3118,-3.1347,3.224
20.4750,-0.9590,-0.1214,-4.6145,4.715
20.4950,-1.3285,0.5441,-5.3502,5.539
20.5140,-1.2135,1.2799,-3.5537,3.967
20.5340,-0.8697,1.0753,-1.1091,1.773
20.5660,-0.7368,0.2534,-0.0757,0.783
20.5720,-1.1151,0.0916,-0.7721,1.359
20.5910,-1.4423,0.5067,-1.5326,2.165
20.6110,-1.1676,0.8233,-1.4462,2.033
20.6340,-0.6838,1.3697,-0.9583,1.806
20.6500,-0.1361,1.8228,-0.1026,1.831
20.6790,0.2041,1.9079,0.8281,2.090
20.7220,0.3646,1.6799,1.6614,2.391
20.7230,0.4975,1.3612,2.4338,2.833
20.7270,0.7183,1.0478,2.9853,3.244
20.7470,0.9038,0.8148,3.2339,3.455
20.7660,0.9222,0.7852,2.9695,3.207
20.7860,0.8816,0.8503,2.3279,2.630
20.8050,0.8285,0.8851,1.8670,2.226
20.8250,0.8690,0.8753,1.6071,2.026
20.8700,1.0068,0.9657,1.4844,2.037
20.8700,1.2133,1.1750,1.4568,2.231
20.8820,1.2518,1.1818,1.1669,2.080
20.9010,1.0817,1.0351,0.5182,1.584
20.9220,0.8300,0.7831,-0.2904,1.177
20.9480,0.5548,0.5207,-1.2151,1.434
20.9600,0.3713,0.5647,-2.1749,2.278
20.9800,0.3018,0.7890,-2.6583,2.789
20.9990,0.9730,0.8584,-1.2207,1.782
21.0180,1.7980,0.7472,0.1998,1.957
21.0420,2.0495,0.5912,0.1517,2.138
21.0840,1.7736,0.6213,-1.5094,2.410
21.0840,1.4380,1.5910,-4.1154,4.641
21.0960,1.5834,2.0364,-5.6959,6.253
21.1150,2.3287,1.5309,-5.1005,5.812
21.1340,2.1080,1.2130,-4.5349,5.146
21.1540,1.3970,1.5778,-5.1260,5.542
21.1740,0.9861,1.9532,-5.0322,5.487
21.1930,1.1125,1.8361,-3.3756,4.000
21.2130,1.4750,1.7054,-0.7809,2.386
21.2600,2.0036,1.2103,1.8721,2.997
21.2600,2.5296,0.7810,4.0576,4.845
21.2710,2.9189,0.6608,5.0809,5.897
21.2900,3.1395,0.5111,4.7792,5.741
21.3090,2.9515,0.5733,3.3133,4.474
21.3290,3.0928,0.2657,2.0678,3.730
21.3490,3.0985,0.1124,1.3786,3.393
21.3940,3.1301,-0.1296,0.7107,3.212
21.3940,3.0305,0.1717,-0.7997,3.139
21.4060,2.4264,0.8966,-2.6391,3.695
21.4250,1.8707,1.6334,-3.5963,4.370
21.4460,1.7876,1.5858,-3.0049,3.839
21.4640,2.2605,0.6492,-0.9499,2.536
21.4840,2.4870,0.0446,0.5200,2.541
21.5230,2.4861,-0.2195,1.1673,2.755
21.5240,2.3052,-0.2701,0.7896,2.452
21.5410,1.6239,-0.0175,-0.6142,1.736
21.5610,0.8945,0.0197,-1.8997,2.100
21.5810,0.3871,-0.3387,-2.4192,2.473
21.6000,-0.0012,-0.9281,-2.8473,2.995
21.6200,-0.1357,-1.0000,-3.8369,3.967
21.6580,-0.5678,-0.1386,-4.8199,4.855
21.6580,-1.3139,0.9248,-5.2474,5.488
21.6780,-2.6052,1.8603,-5.7076,6.544
21.6980,-3.4798,2.1663,-5.2125,6.631
21.7170,-3.3773,1.5608,-3.0638,4.820
21.7370,-2.9787,1.3318,-1.0604,3.431
21.7560,-2.2805,1.0073,0.5048,2.544
21.7800,-1.6920,1.5551,1.0325,2.519
21.8120,-1.3527,2.5446,0.8501,3.005
21.8130,-1.0803,3.0010,0.5494,3.236
21.8330,-0.6027,2.6337,1.0698,2.906
21.8520,-0.0476,1.7399,2.0727,2.707
21.8710,0.3075,0.9723,2.8501,3.027
21.8910,0.5780,0.7384,3.0941,3.233
21.9110,0.5611,0.8727,3.0055,3.180
21.9440,0.6956,0.5911,2.9644,3.102
21.9490,0.8826,0.3441,3.0317,3.176
21.9690,0.9417,0.2143,2.9443,3.099
21.9880,0.9258,0.0078,2.8070,2.956
22.0080,0.7905,-0.2420,2.1277,2.283
22.0260,0.6011,-0.2380,0.9416,1.142
22.0460,0.3945,-0.0509,-0.2132,0.451
22.0770,0.3080,-0.1902,-1.4450,1.490
22.0840,-0.0592,-0.3042,-2.9639,2.980
22.1040,-0.2531,-0.4618,-4.3185,4.350
22.1240,-0.3229,-0.6696,-4.9175,4.973
22.1430,-0.1164,-0.8238,-4.8054,4.877
22.1620,0.4406,-1.0467,-4.0552,4.211
22.1820,1.0082,-0.6205,-3.4304,3.629
22.2150,0.6285,0.3513,-4.0093,4.073
22.2200,-0.3810,0.8396,-6.2578,6.325
22.2400,-1.6274,1.5649,-9.2203,9.493
22.2600,-2.4463,2.7761,-9.4862,10.182
22.2790,-0.9520,2.1882,-5.1188,5.648
22.3020,-0.1768,1.7175,-1.5526,2.322
22.3480,0.5118,1.7742,0.3298,1.876
22.3480,0.5360,2.5861,0.5356,2.695
22.3560,0.6649,2.9925,0.3901,3.090
22.3760,0.8045,2.9757,0.7486,3.172
22.3950,1.0147,2.7958,1.7413,3.446
22.4200,1.1217,2.4898,2.7661,3.887
22.4680,1.1959,2.3730,3.6583,4.522
22.4690,1.1263,2.2984,4.1229,4.853
22.4740,1.0116,2.2577,4.3987,5.047
22.4920,1.0021,2.0397,4.4428,4.990
22.5120,0.7896,1.8782,4.0589,4.542
22.5310,0.4428,1.5783,3.4833,3.850
22.5510,-0.1591,1.4485,2.7028,3.071
22.5710,-0.6125,1.2232,1.5418,2.061
22.6220,-1.0165,1.1071,0.3957,1.554
22.6220,-1.4036,0.9734,-0.6070,1.813
22.6280,-1.7148,0.6035,-1.8000,2.558
22.6480,-2.2605,0.4129,-3.6359,4.301
22.6670,-2.8150,0.1179,-4.9957,5.735
22.6870,-2.6948,-0.4356,-4.9782,5.678
22.7110,-1.9560,-0.6815,-3.9918,4.497
22.7270,-1.4332,-0.9741,-4.0209,4.378
22.7660,-1.8718,-0.0068,-5.9502,6.238
22.7660,-2.5116,1.8411,-7.3430,7.976
22.7850,-2.6856,2.9748,-5.7954,7.046
22.8020,-1.7167,2.2092,-1.4162,3.136
22.8210,-0.9985,0.7223,2.6990,2.967
22.8430,-0.0674,-0.6288,4.7733,4.815
22.8850,0.1709,-0.7950,4.1326,4.212
22.8850,-0.0135,0.0836,2.0460,2.048
22.8990,0.3506,0.6079,1.2495,1.433
22.9230,0.6609,0.9445,1.3602,1.783
22.9660,0.8704,0.9219,1.9195,2.300
22.9660,1.0986,0.5268,2.7446,3.003
22.9770,1.2375,0.1757,3.5270,3.742
22.9960,1.3333,0.1255,4.1201,4.332
23.0160,1.3354,0.2584,4.3571,4.564
23.0350,1.1494,0.4881,4.4180,4.591
23.0550,1.0284,0.3828,4.5868,4.716
23.0860,0.8224,0.1949,4.4568,4.536
23.0930,0.7422,0.1151,4.0487,4.118
23.1130,0.6909,0.2126,3.3425,3.420
23.1320,0.6575,0.4710,2.6447,2.766
23.1520,0.6265,-0.0427,1.8397,1.944
23.1750,0.3416,-0.8466,0.1012,0.919
23.2210,-0.0517,-1.0595,-2.4494,2.669
23.2220,-0.3604,-1.8028,-4.4053,4.774
23.2290,-0.5617,-1.9487,-6.0952,6.424
23.2490,-0.7035,-2.0310,-6.7017,7.038
23.2680,-0.5792,-2.0624,-6.3538,6.705
23.2880,-0.5264,-1.9507,-5.5413,5.898
23.3070,-0.4675,-1.8760,-4.5671,4.960
23.3280,-0.7208,-2.1005,-4.6893,5.189
23.3770,-1.4485,-1.5339,-7.1879,7.491
23.3770,-1.9871,0.0194,-8.0381,8.280
23.3840,-1.3063,1.1016,-4.0414,4.388
23.4030,0.0520,0.8949,0.9974,1.341
23.4280,0.8066,0.8629,4.4271,4.582
23.4740,1.1664,0.9345,5.1076,5.322
23.4750,0.8046,1.4792,2.7257,3.204
23.4810,0.6139,1.9297,0.8200,2.185
23.5010,0.8505,2.0606,0.2494,2.243
23.5200,0.7801,1.8584,1.0264,2.262
23.5400,0.7649,1.7433,1.0037,2.152
23.5600,0.5028,1.8639,1.5566,2.480
23.5800,0.5532,1.9504,2.6250,3.317
23.6290,0.3267,2.1415,3.0210,3.717
23.6300,0.2167,1.8616,3.0113,3.547
23.6360,0.3468,1.4043,2.5184,2.904
23.6560,0.1353,1.1686,1.4747,1.886
23.6750,0.1419,0.9472,1.0336,1.409
23.6970,0.1723,0.9400,0.4683,1.064
23.7160,0.0783,1.0617,0.7731,1.316
23.7370,-0.0393,0.4755,0.9359,1.051
23.7820,-0.6474,-0.2662,-0.2477,0.743
23.7830,-1.2042,-0.6417,-2.0666,2.476
23.7910,-1.6649,-1.0342,-3.2603,3.804
23.8110,-2.0999,-1.4886,-3.6071,4.431
23.8330,-2.4254,-1.6513,-3.0153,4.207
23.8500,-2.7641,-1.7418,-2.9166,4.380
23.8700,-2.0496,-1.6684,-3.2527,4.191
23.9180,-1.3727,-0.1714,-4.1881,4.411
23.9180,-1.2436,0.6377,-4.0681,4.301
23.9270,-1.0644,1.5533,-4.3657,4.755
23.9470,-1.3772,1.5225,-3.0735,3.696
23.9670,-1.0951,0.6514,-0.9477,1.588
23.9860,-0.8887,-0.1220,1.1255,1.439
24.0060,-0.5813,-1.0668,2.3003,2.601
24.0410,0.0755,-0.5002,2.0766,2.137
24.0430,0.1370,0.6066,2.0235,2.117
24.0620,0.1616,1.1682,2.2516,2.542
24.0820,0.0284,1.2212,2.6325,2.902
24.1020,0.0134,0.9441,3.5383,3.662
24.1220,0.2137,0.7482,4.2463,4.317
24.1630,0.1043,0.9243,4.1823,4.285
24.1640,0.0565,0.9669,4.0000,4.116
24.1800,-0.0023,0.9762,3.6570,3.785
24.1990,-0.0222,0.8419,4.0434,4.130
24.2180,0.2602,0.3516,4.7469,4.767
24.2670,0.5208,-0.2839,4.6099,4.648
24.2670,0.7591,0.0975,3.7407,3.818
24.2760,0.5788,-0.0655,3.0460,3.101
24.2950,1.2084,-0.3262,1.7924,2.186
24.3150,1.1938,-0.8826,1.1110,1.854
24.3360,1.3854,-1.7284,-0.1145,2.218
24.3540,1.1491,-1.3991,-3.6206,4.048
24.4020,0.2047,-1.2124,-6.7641,6.875
24.4030,-0.2539,-1.3226,-8.3266,8.435
24.4120,0.0062,-1.1074,-7.9506,8.027
24.4320,-0.1495,-1.6604,-4.5883,4.882
24.4510,0.4903,-1.9351,-2.8360,3.468
24.4700,-0.0269,-1.2684,-3.5114,3.734
24.4900,-0.3266,-0.0075,-5.9221,5.931
24.5100,-1.2697,1.5521,-6.7241,7.017
24.5530,-1.1475,1.9346,-3.5978,4.243
24.5530,0.8037,0.8602,0.3200,1.220
24.5670,1.4834,0.9278,3.3048,3.739
24.5860,1.0409,0.7752,5.4693,5.621
24.6060,0.9579,0.8972,3.1716,3.432
24.6250,0.8962,0.9663,1.8399,2.263
24.6450,0.7201,0.6220,1.5835,1.847
24.6800,0.7217,0.5709,1.1957,1.509
24.6850,0.9277,0.6920,1.0826,1.585
24.7030,0.9113,0.4215,1.8400,2.096
24.7220,0.7932,0.5809,2.4443,2.635
24.7420,0.7227,0.8431,2.8988,3.104
24.7610,0.6653,0.5670,3.2512,3.367
24.8000,0.5698,0.4553,3.1936,3.276
24.8010,0.0356,0.4318,3.4750,3.502
24.8190,-0.5261,0.0991,3.7353,3.773
24.8380,-0.5940,0.2112,3.2094,3.271
24.8580,-0.2999,0.3718,1.8081,1.870
24.8780,-0.1184,0.1205,0.8351,0.852
24.9210,-0.2315,0.1897,-1.2359,1.272
24.9220,-0.2121,0.0787,-3.4256,3.433
24.9350,-0.3166,0.1359,-4.1095,4.124
24.9550,-0.7094,-0.0360,-3.7535,3.820
24.9760,-1.3794,-0.2459,-4.7168,4.921
24.9960,-1.2112,-0.6678,-6.5413,6.686
25.0140,-0.7818,-0.6524,-5.3980,5.493
25.0580,-0.5387,-0.7614,-3.9326,4.042
25.0580,-0.1641,-0.8312,-3.7284,3.823
25.0710,0.3353,-0.9283,-3.8387,3.964
25.0950,-0.1456,-0.4956,-2.9979,3.042
25.1100,-1.3197,0.5853,-1.3216,1.957
25.1390,-2.5374,1.9493,0.5999,3.255
25.1490,-2.7819,2.1972,3.4234,4.928
25.1680,-2.5447,1.8311,5.2399,6.106
25.1870,-1.8368,1.2758,2.8889,3.653
25.2070,-1.3805,0.6510,0.0320,1.527
25.2260,-1.3083,0.7814,-0.8518,1.746
25.2460,-0.9046,0.8622,-0.0433,1.250
25.2650,-0.8756,0.7000,1.5038,1.876
25.2840,-0.6615,0.9889,3.1051,3.325
25.3040,-0.2721,1.4561,4.5345,4.770
25.3230,0.9344,0.6646,4.6379,4.778
25.3430,1.2452,0.4783,4.0872,4.299
25.3620,-0.0858,0.8852,3.7827,3.886
25.3810,-0.3267,0.2361,3.2374,3.262
25.4010,-0.0162,-0.4301,3.4196,3.447
25.4230,1.2176,-0.6485,3.4524,3.718
25.4430,1.9794,-0.5152,3.7525,4.274
25.4590,2.1833,-1.1111,2.7969,3.718
25.4780,1.8855,-1.1032,-0.0345,2.185
25.4980,0.5292,-0.3364,-3.5041,3.560
25.5170,0.6044,-0.3872,-5.5876,5.634
25.5370,1.2707,-1.1631,-6.4426,6.669
25.5570,0.6482,-0.5594,-6.3178,6.376
25.5840,0.3719,-0.6901,-5.1392,5.199
25.5950,0.6340,-1.0205,-4.8007,4.949
25.6140,0.6746,-0.4284,-4.8664,4.932
25.6330,0.4687,0.6518,-5.9495,6.003
25.6590,-0.2408,1.7330,-5.9881,6.238
25.6720,-0.5181,1.7762,-3.9063,4.322
25.6910,-0.4223,0.9151,-1.3658,1.697
25.7110,-0.3131,0.3014,0.3159,0.537
25.7300,-0.1668,-0.0462,0.7769,0.796
25.7500,-0.4106,0.5280,0.8636,1.092
25.7690,-0.3660,1.4895,1.1636,1.925
25.7890,-0.2880,1.6288,1.5546,2.270
25.8080,-0.0813,1.3045,1.5472,2.025
25.8400,0.0792,0.6845,1.8309,1.956
25.8480,-0.0813,0.0678,2.4268,2.429
25.8670,-0.2710,0.1458,2.6351,2.653
25.8860,-0.4964,0.5926,2.8606,2.963
25.9060,-0.7989,0.8689,2.9880,3.213
25.9240,-0.8998,0.4146,3.3097,3.455
25.9440,-0.7797,-0.2387,3.5807,3.672
25.9760,-0.8120,-0.7377,3.7095,3.868
25.9830,-0.9169,-0.5639,3.4734,3.636
26.0020,-0.7483,-0.1147,3.3029,3.389
26.0220,-0.7753,0.0321,2.9002,3.002
26.0420,-0.8355,-0.1610,2.3170,2.468
26.0610,-0.7675,-0.5063,1.5571,1.808
26.0810,-0.5265,-0.6685,0.9521,1.277
26.1300,0.0627,-1.2821,0.0482,1.285
26.1300,0.3601,-1.1725,-1.6953,2.093
26.1370,0.3254,-0.5203,-3.5700,3.622
26.1580,0.2693,-0.6293,-5.0491,5.095
26.1760,-0.3003,-1.1620,-5.9512,6.071
26.1970,-0.6839,-1.4288,-5.8174,6.029
26.2170,-0.2750,-1.3028,-4.3891,4.587
26.2660,0.3816,-0.9560,-3.6063,3.750
26.2660,0.7150,-0.1217,-4.7870,4.842
26.2740,0.3275,1.1120,-6.6362,6.737
26.2930,-0.2981,1.9528,-6.2250,6.531
26.3140,-0.6641,1.6927,-3.1009,3.595
26.3590,-0.5791,0.4628,0.8219,1.107
26.3590,-0.3784,-0.5423,3.3897,3.454
26.3720,-0.1217,-0.8864,3.8295,3.933
26.3900,-0.0615,-0.8950,2.5297,2.684
26.4090,-0.4094,-0.7251,0.8118,1.163
26.4290,-1.1207,0.1715,-0.1843,1.149
26.4490,-0.7544,0.9983,0.5058,1.350
26.4680,-0.0048,1.1832,2.1834,2.483
26.5220,-0.0182,1.1047,2.7111,2.928
26.5230,-0.1962,0.4880,2.9028,2.950
26.5260,-0.3502,-0.0252,3.5581,3.575
26.5450,-0.6276,-0.1486,4.3615,4.409
26.5650,-0.8357,-0.2841,4.9892,5.067
26.5850,-0.4237,-0.7543,5.2398,5.311
26.6050,-0.2228,-0.7843,4.7581,4.827
26.6540,-0.4593,-0.5583,4.2222,4.284
26.6540,-0.4579,-0.7592,4.1061,4.201
26.6620,-0.4317,-1.2163,3.7303,3.947
26.6820,-0.3258,-1.4698,2.6201,3.022
26.7010,-0.1966,-1.1997,1.6186,2.024
26.7200,0.1385,-0.7847,0.4013,0.892
26.7390,0.1381,-0.3167,-0.7555,0.831
26.7710,0.2889,-0.2847,-1.8590,1.903
26.7770,0.1950,-0.9905,-1.7121,1.988
26.7970,0.3294,-1.8558,-1.9037,2.679
26.8160,0.5433,-2.7028,-1.7951,3.290
26.8360,0.6684,-2.5495,-1.3592,2.965
26.8550,0.5327,-1.2360,-0.9213,1.631
